SUM of avg_score,driver_name,,,
department,Career Growth,Company Policies,Manager Support,Role Clarity
Engineering,2.545454545,2.545454545,2.727272727,2.363636364
Finance,4.666666667,2.666666667,3,3.333333333
Marketing,2.909090909,2.181818182,2.727272727,2.454545455
Operations,2.875,2.75,2.625,3.5
Sales,2.727272727,3.727272727,2.636363636,2.545454545
Support,2.545454545,2.636363636,3.272727273,2.909090909